CREATE TABLE YTG_RESOURCE
(
  ID            CHAR(32 BYTE),
  NAME          VARCHAR2(64 BYTE),
  CODE          VARCHAR2(128 BYTE),
  TYPE_FLAG     NUMBER(1),
  LEVEL_CODE    NUMBER(1),
  PARENT_ID     CHAR(32 BYTE),
  PROJECT_CODE  VARCHAR2(64 BYTE),
  NOTE          VARCHAR2(500 BYTE),
  ADD_DATE      DATE,
  MODIFY_DATE   DATE,
  URL           VARCHAR2(512 BYTE),
  SORT          INTEGER,
  ICON_CLS      VARCHAR2(64 BYTE)
)
LOGGING 
NOCOMPRESS 
NOCACHE
NOPARALLEL
MONITORING;

COMMENT ON TABLE YTG_RESOURCE IS '用户资源数据表';

COMMENT ON COLUMN YTG_RESOURCE.ID IS '主键ID';

COMMENT ON COLUMN YTG_RESOURCE.NAME IS '资源名称';

COMMENT ON COLUMN YTG_RESOURCE.CODE IS '代码，用于权限验证的资源代码';

COMMENT ON COLUMN YTG_RESOURCE.TYPE_FLAG IS '类型，0表示菜单，1表示资源';

COMMENT ON COLUMN YTG_RESOURCE.LEVEL_CODE IS '层级，资源在树结果中的层级';

COMMENT ON COLUMN YTG_RESOURCE.PARENT_ID IS '父ID';

COMMENT ON COLUMN YTG_RESOURCE.PROJECT_CODE IS '所属项目代码';

COMMENT ON COLUMN YTG_RESOURCE.NOTE IS '资源备注';

COMMENT ON COLUMN YTG_RESOURCE.URL IS '资源链接地址';

COMMENT ON COLUMN YTG_RESOURCE.SORT IS '排序字段';

COMMENT ON COLUMN YTG_RESOURCE.ICON_CLS IS '资源图标类';



CREATE TABLE YTG_ROLE
(
  ID            CHAR(32 BYTE),
  NAME          VARCHAR2(64 BYTE),
  NOTE          VARCHAR2(500 BYTE),
  CODE          VARCHAR2(64 BYTE),
  PROJECT_CODE  VARCHAR2(64 BYTE),
  ADD_DATE      DATE,
  MODIFY_DATE   DATE
)
LOGGING 
NOCOMPRESS 
NOCACHE
NOPARALLEL
MONITORING;

COMMENT ON TABLE YTG_ROLE IS '用户角色表';

COMMENT ON COLUMN YTG_ROLE.ID IS '主键ID';

COMMENT ON COLUMN YTG_ROLE.NAME IS '角色名称';

COMMENT ON COLUMN YTG_ROLE.NOTE IS '角色备注';

COMMENT ON COLUMN YTG_ROLE.CODE IS '角色代码';

COMMENT ON COLUMN YTG_ROLE.PROJECT_CODE IS '所属项目代码';



CREATE TABLE YTG_ROLE_RESOURCE
(
  ROLE_ID      CHAR(32 BYTE),
  RESOURCE_ID  CHAR(32 BYTE)
)
LOGGING 
NOCOMPRESS 
NOCACHE
NOPARALLEL
MONITORING;

COMMENT ON TABLE YTG_ROLE_RESOURCE IS '角色、资源关系表';

COMMENT ON COLUMN YTG_ROLE_RESOURCE.ROLE_ID IS '角色ID';

COMMENT ON COLUMN YTG_ROLE_RESOURCE.RESOURCE_ID IS '资源ID';



CREATE TABLE YTG_USER
(
  ID              CHAR(32 BYTE),
  NAME            VARCHAR2(128 BYTE),
  LOGIN_NAME      VARCHAR2(32 BYTE)             NOT NULL,
  PWD             VARCHAR2(64 BYTE)             NOT NULL,
  EMAIL           VARCHAR2(128 BYTE),
  WORKER_CODE     VARCHAR2(20 BYTE),
  STATE_FLAG      NUMBER(1),
  SALT            VARCHAR2(64 BYTE),
  ADD_DATE        DATE,
  MODIFY_DATE     DATE,
  CREATOR_ID      CHAR(32 BYTE),
  NOTE            VARCHAR2(500 CHAR),
  TEL             VARCHAR2(255 BYTE),
  ASSET_DEPT_COD  VARCHAR2(20 BYTE),
  PROD_FLAG       NUMBER(1)
)
LOGGING 
NOCOMPRESS 
NOCACHE
NOPARALLEL
MONITORING;

COMMENT ON TABLE YTG_USER IS '系统用户表';

COMMENT ON COLUMN YTG_USER.ID IS '主键ID';

COMMENT ON COLUMN YTG_USER.NAME IS '用户昵称';

COMMENT ON COLUMN YTG_USER.LOGIN_NAME IS '登录时输入的用户名';

COMMENT ON COLUMN YTG_USER.PWD IS '用户密码';

COMMENT ON COLUMN YTG_USER.EMAIL IS '用户邮箱';

COMMENT ON COLUMN YTG_USER.WORKER_CODE IS '用户对应的职工编码';

COMMENT ON COLUMN YTG_USER.STATE_FLAG IS '用户状态标志位，0正常，1禁用';

COMMENT ON COLUMN YTG_USER.SALT IS '用于加密的盐值';

COMMENT ON COLUMN YTG_USER.NOTE IS '备注';

COMMENT ON COLUMN YTG_USER.TEL IS '电话';

COMMENT ON COLUMN YTG_USER.ASSET_DEPT_COD IS '资产管理系统中使用的用户部门代码';

COMMENT ON COLUMN YTG_USER.PROD_FLAG IS '生产系统标志位，1表示从生产系统过来的用户';



CREATE TABLE YTG_USER_RESOURCE
(
  USER_ID      CHAR(32 BYTE),
  RESOURCE_ID  CHAR(32 BYTE)
)
LOGGING 
NOCOMPRESS 
NOCACHE
NOPARALLEL
MONITORING;

COMMENT ON TABLE YTG_USER_RESOURCE IS '用户资源关系表，用户获得资源有两种方式，一种是通过角色授权，一种是直接将资源授予用户';

COMMENT ON COLUMN YTG_USER_RESOURCE.USER_ID IS '对应的用户ID';

COMMENT ON COLUMN YTG_USER_RESOURCE.RESOURCE_ID IS '对应的资源ID';



CREATE TABLE YTG_USER_ROLE
(
  USER_ID  CHAR(32 BYTE),
  ROLE_ID  CHAR(32 BYTE)
)
LOGGING 
NOCOMPRESS 
NOCACHE
NOPARALLEL
MONITORING;

COMMENT ON TABLE YTG_USER_ROLE IS '用户、角色关系表';

COMMENT ON COLUMN YTG_USER_ROLE.USER_ID IS '用户ID';

COMMENT ON COLUMN YTG_USER_ROLE.ROLE_ID IS '角色ID';



CREATE UNIQUE INDEX YTG_RESOURCE_PK ON YTG_RESOURCE
(ID)
LOGGING
NOPARALLEL;


CREATE UNIQUE INDEX YTG_ROLE_PK ON YTG_ROLE
(ID)
LOGGING
NOPARALLEL;


CREATE UNIQUE INDEX YTG_ROLE_RESOURCE_PK ON YTG_ROLE_RESOURCE
(ROLE_ID, RESOURCE_ID)
LOGGING
NOPARALLEL;


CREATE UNIQUE INDEX YTG_USER_PK ON YTG_USER
(ID)
LOGGING
NOPARALLEL;


CREATE UNIQUE INDEX YTG_USER_RESOURCE_PK ON YTG_USER_RESOURCE
(USER_ID, RESOURCE_ID)
LOGGING
NOPARALLEL;


CREATE UNIQUE INDEX YTG_USER_U01 ON YTG_USER
(LOGIN_NAME)
LOGGING
NOPARALLEL;


ALTER TABLE YTG_RESOURCE ADD (
  CONSTRAINT YTG_RESOURCE_PK
  PRIMARY KEY
  (ID)
  USING INDEX YTG_RESOURCE_PK);

ALTER TABLE YTG_ROLE ADD (
  CONSTRAINT YTG_ROLE_PK
  PRIMARY KEY
  (ID)
  USING INDEX YTG_ROLE_PK);

ALTER TABLE YTG_ROLE_RESOURCE ADD (
  CONSTRAINT YTG_ROLE_RESOURCE_PK
  PRIMARY KEY
  (ROLE_ID, RESOURCE_ID)
  USING INDEX YTG_ROLE_RESOURCE_PK);

ALTER TABLE YTG_USER ADD (
  CONSTRAINT YTG_USER_PK
  PRIMARY KEY
  (ID)
  USING INDEX YTG_USER_PK,
  CONSTRAINT YTG_USER_U01
  UNIQUE (LOGIN_NAME)
  USING INDEX YTG_USER_U01);

ALTER TABLE YTG_USER_RESOURCE ADD (
  CONSTRAINT YTG_USER_RESOURCE_PK
  PRIMARY KEY
  (USER_ID, RESOURCE_ID)
  USING INDEX YTG_USER_RESOURCE_PK);

ALTER TABLE YTG_RESOURCE ADD (
  CONSTRAINT YTG_RESOURCE_R01 
  FOREIGN KEY (PARENT_ID) 
  REFERENCES YTG_RESOURCE (ID));

ALTER TABLE YTG_ROLE_RESOURCE ADD (
  CONSTRAINT YTG_ROLE_RESOURCE_R01 
  FOREIGN KEY (ROLE_ID) 
  REFERENCES YTG_ROLE (ID),
  CONSTRAINT YTG_ROLE_RESOURCE_R02 
  FOREIGN KEY (RESOURCE_ID) 
  REFERENCES YTG_RESOURCE (ID));

ALTER TABLE YTG_USER ADD (
  FOREIGN KEY (CREATOR_ID) 
  REFERENCES YTG_USER (ID));

ALTER TABLE YTG_USER_RESOURCE ADD (
  CONSTRAINT YTG_USER_RESOURCE_R01 
  FOREIGN KEY (USER_ID) 
  REFERENCES YTG_USER (ID),
  CONSTRAINT YTG_USER_RESOURCE_R02 
  FOREIGN KEY (RESOURCE_ID) 
  REFERENCES YTG_RESOURCE (ID));

ALTER TABLE YTG_USER_ROLE ADD (
  CONSTRAINT YTG_USER_ROLE_R01 
  FOREIGN KEY (USER_ID) 
  REFERENCES YTG_USER (ID),
  CONSTRAINT YTG_USER_ROLE_R02 
  FOREIGN KEY (ROLE_ID) 
  REFERENCES YTG_ROLE (ID));
  

  
CREATE TABLE DEMO_AREA
(
  ID            VARCHAR2(32 BYTE),
  ADD_DATE      DATE,
  MODIFY_DATE   DATE,
  AREA_COD      VARCHAR2(12 BYTE)               NOT NULL,
  AREA_NAM      VARCHAR2(60 BYTE)               NOT NULL,
  PROVINCE_COD  VARCHAR2(12 BYTE)               NOT NULL
)
LOGGING 
NOCOMPRESS 
NOCACHE
NOPARALLEL
MONITORING;

COMMENT ON TABLE DEMO_AREA IS '城市代码';

COMMENT ON COLUMN DEMO_AREA.AREA_COD IS '城市代码';

COMMENT ON COLUMN DEMO_AREA.AREA_NAM IS '城市名称';

COMMENT ON COLUMN DEMO_AREA.PROVINCE_COD IS '省份代码';



CREATE TABLE DEMO_CORP
(
  ID           VARCHAR2(32 BYTE),
  ADD_DATE     DATE,
  MODIFY_DATE  DATE,
  CORP_COD     VARCHAR2(12 BYTE)                NOT NULL,
  CORP_NAM     VARCHAR2(30 BYTE)                NOT NULL
)
LOGGING 
NOCOMPRESS 
NOCACHE
NOPARALLEL
MONITORING;

COMMENT ON TABLE DEMO_CORP IS '工作单位';

COMMENT ON COLUMN DEMO_CORP.CORP_COD IS '单位代码';

COMMENT ON COLUMN DEMO_CORP.CORP_NAM IS '单位名称';



CREATE TABLE DEMO_NATION
(
  ID           VARCHAR2(32 BYTE),
  ADD_DATE     DATE,
  MODIFY_DATE  DATE,
  NATION_COD   VARCHAR2(2 BYTE)                 NOT NULL,
  NATION_NAM   VARCHAR2(64 BYTE)                NOT NULL
)
LOGGING 
NOCOMPRESS 
NOCACHE
NOPARALLEL
MONITORING;

COMMENT ON TABLE DEMO_NATION IS '民族';

COMMENT ON COLUMN DEMO_NATION.NATION_COD IS '民族代码';

COMMENT ON COLUMN DEMO_NATION.NATION_NAM IS '民族名称';



CREATE TABLE DEMO_PROVINCE
(
  ID            VARCHAR2(32 BYTE),
  ADD_DATE      DATE,
  MODIFY_DATE   DATE,
  PROVINCE_COD  VARCHAR2(12 BYTE)               NOT NULL,
  PROVINCE_NAM  VARCHAR2(64 BYTE)               NOT NULL
)
LOGGING 
NOCOMPRESS 
NOCACHE
NOPARALLEL
MONITORING;

COMMENT ON TABLE DEMO_PROVINCE IS '省份';

COMMENT ON COLUMN DEMO_PROVINCE.PROVINCE_COD IS '省份代码';

COMMENT ON COLUMN DEMO_PROVINCE.PROVINCE_NAM IS '省份名称';



CREATE TABLE DEMO_WORKER
(
  ID            VARCHAR2(32 BYTE),
  ADD_DATE      DATE,
  MODIFY_DATE   DATE,
  WORKER_NO     VARCHAR2(12 BYTE)               NOT NULL,
  WORKER_NAM    VARCHAR2(32 BYTE)               NOT NULL,
  BIRTH_DTE     DATE,
  SEX_COD       VARCHAR2(1 BYTE),
  NATION_COD    VARCHAR2(2 BYTE),
  PROVINCE_COD  VARCHAR2(12 BYTE),
  AREA_COD      VARCHAR2(12 BYTE),
  CORP_COD      VARCHAR2(12 BYTE),
  SERVICE_NUM   NUMBER(3),
  BASE_NUM      NUMBER(10,2),
  NOTE          VARCHAR2(255 BYTE)
)
LOGGING 
NOCOMPRESS 
NOCACHE
NOPARALLEL
MONITORING;

COMMENT ON TABLE DEMO_WORKER IS '职工基本信息';

COMMENT ON COLUMN DEMO_WORKER.ID IS '主键';

COMMENT ON COLUMN DEMO_WORKER.ADD_DATE IS '增加时间';

COMMENT ON COLUMN DEMO_WORKER.MODIFY_DATE IS '修改时间';

COMMENT ON COLUMN DEMO_WORKER.WORKER_NO IS '职工编号';

COMMENT ON COLUMN DEMO_WORKER.WORKER_NAM IS '职工名称';

COMMENT ON COLUMN DEMO_WORKER.BIRTH_DTE IS '出生日期';

COMMENT ON COLUMN DEMO_WORKER.SEX_COD IS '性别(1-男 0-女)';

COMMENT ON COLUMN DEMO_WORKER.NATION_COD IS '民族';

COMMENT ON COLUMN DEMO_WORKER.PROVINCE_COD IS '省份代码';

COMMENT ON COLUMN DEMO_WORKER.AREA_COD IS '地市代码';

COMMENT ON COLUMN DEMO_WORKER.CORP_COD IS '工作单位代码';

COMMENT ON COLUMN DEMO_WORKER.SERVICE_NUM IS '工龄';

COMMENT ON COLUMN DEMO_WORKER.BASE_NUM IS '基本工资';

COMMENT ON COLUMN DEMO_WORKER.NOTE IS '备注';



CREATE TABLE DEMO_WORKER_EDU
(
  ID           VARCHAR2(32 BYTE),
  ADD_DATE     DATE,
  MODIFY_DATE  DATE,
  WORKER_ID    VARCHAR2(32 BYTE)                NOT NULL,
  BGN_DTE      DATE,
  END_DTE      DATE,
  EDU_NAM      VARCHAR2(32 BYTE),
  SCHOOL_NAM   VARCHAR2(64 BYTE),
  NOTE         VARCHAR2(128 BYTE)
)
LOGGING 
NOCOMPRESS 
NOCACHE
NOPARALLEL
MONITORING;


CREATE UNIQUE INDEX DEMO_AREA_PK ON DEMO_AREA
(ID)
LOGGING
NOPARALLEL;


CREATE UNIQUE INDEX DEMO_CORP_PK ON DEMO_CORP
(ID)
LOGGING
NOPARALLEL;


CREATE UNIQUE INDEX DEMO_GRID_PK ON DEMO_WORKER
(ID)
LOGGING
NOPARALLEL;


CREATE UNIQUE INDEX DEMO_NATION_PK ON DEMO_NATION
(ID)
LOGGING
NOPARALLEL;


CREATE UNIQUE INDEX DEMO_PROVINCE_PK ON DEMO_PROVINCE
(ID)
LOGGING
NOPARALLEL;


CREATE UNIQUE INDEX DEMO_WORKER_EDU_PK ON DEMO_WORKER_EDU
(ID)
LOGGING
NOPARALLEL;


CREATE UNIQUE INDEX SYS_UN_CORP_COD ON DEMO_CORP
(CORP_COD)
LOGGING
NOPARALLEL;


CREATE UNIQUE INDEX SYS_UN_NATION_COD ON DEMO_NATION
(NATION_COD)
LOGGING
NOPARALLEL;


CREATE UNIQUE INDEX SYS_UN_PROVINCE_COD ON DEMO_PROVINCE
(PROVINCE_COD)
LOGGING
NOPARALLEL;


CREATE UNIQUE INDEX SYS_UN_WORKER_NO ON DEMO_WORKER
(WORKER_NO)
LOGGING
NOPARALLEL;


CREATE UNIQUE INDEX UNIQUE_AREACOD ON DEMO_AREA
(AREA_COD)
LOGGING
NOPARALLEL;


ALTER TABLE DEMO_AREA ADD (
  CONSTRAINT DEMO_AREA_PK
  PRIMARY KEY
  (ID)
  USING INDEX DEMO_AREA_PK,
  CONSTRAINT UNIQUE_AREACOD
  UNIQUE (AREA_COD)
  USING INDEX UNIQUE_AREACOD);

ALTER TABLE DEMO_CORP ADD (
  CONSTRAINT DEMO_CORP_PK
  PRIMARY KEY
  (ID)
  USING INDEX DEMO_CORP_PK,
  CONSTRAINT SYS_UN_CORP_COD
  UNIQUE (CORP_COD)
  USING INDEX SYS_UN_CORP_COD);

ALTER TABLE DEMO_NATION ADD (
  CONSTRAINT DEMO_NATION_PK
  PRIMARY KEY
  (ID)
  USING INDEX DEMO_NATION_PK,
  CONSTRAINT SYS_UN_NATION_COD
  UNIQUE (NATION_COD)
  USING INDEX SYS_UN_NATION_COD);

ALTER TABLE DEMO_PROVINCE ADD (
  CONSTRAINT DEMO_PROVINCE_PK
  PRIMARY KEY
  (ID)
  USING INDEX DEMO_PROVINCE_PK,
  CONSTRAINT SYS_UN_PROVINCE_COD
  UNIQUE (PROVINCE_COD)
  USING INDEX SYS_UN_PROVINCE_COD);

ALTER TABLE DEMO_WORKER ADD (
  CONSTRAINT DEMO_GRID_PK
  PRIMARY KEY
  (ID)
  USING INDEX DEMO_GRID_PK,
  CONSTRAINT SYS_UN_WORKER_NO
  UNIQUE (WORKER_NO)
  USING INDEX SYS_UN_WORKER_NO);

ALTER TABLE DEMO_WORKER_EDU ADD (
  CONSTRAINT DEMO_WORKER_EDU_PK
  PRIMARY KEY
  (ID)
  USING INDEX DEMO_WORKER_EDU_PK);

  
  
SET DEFINE OFF;
Insert into YTG_ROLE
   (ID, NAME, CODE)
 Values
   ('297ed5d95beacca2015bead86b3a0000', '开发者使用', 'DEMO_DEV');
COMMIT;

SET DEFINE OFF;
Insert into YTG_RESOURCE
   (ID, NAME, CODE, TYPE_FLAG, LEVEL_CODE, PROJECT_CODE, ADD_DATE, MODIFY_DATE, SORT)
 Values
   ('5100ed1d3ad5d90c80d6b750a822b722', 'DEMO系统', 'DEMO', 1, 1, 
    'demo', TO_DATE('02/06/2015 13:02:12', 'MM/DD/YYYY HH24:MI:SS'), TO_DATE('06/18/2015 15:36:19', 'MM/DD/YYYY HH24:MI:SS'), 1);
Insert into YTG_RESOURCE
   (ID, NAME, TYPE_FLAG, LEVEL_CODE, PARENT_ID, PROJECT_CODE, MODIFY_DATE, SORT)
 Values
   ('297ed5d95beae3f2015beae81a9a0004', 'DEMO示例', 0, 2, 
    '5100ed1d3ad5d90c80d6b750a822b722', 'demo', TO_DATE('05/09/2017 10:14:58', 'MM/DD/YYYY HH24:MI:SS'), 10);
Insert into YTG_RESOURCE
   (ID, NAME, TYPE_FLAG, LEVEL_CODE, PARENT_ID, PROJECT_CODE, ADD_DATE, MODIFY_DATE, SORT)
 Values
   ('4cbb42b39aa9e18f82540e80a22c49f6', '系统管理', 0, 2, 
    '5100ed1d3ad5d90c80d6b750a822b722', 'demo', TO_DATE('02/06/2015 13:02:12', 'MM/DD/YYYY HH24:MI:SS'), TO_DATE('05/09/2017 11:10:21', 'MM/DD/YYYY HH24:MI:SS'), 90);
Insert into YTG_RESOURCE
   (ID, NAME, TYPE_FLAG, LEVEL_CODE, PARENT_ID, PROJECT_CODE, ADD_DATE, MODIFY_DATE, SORT)
 Values
   ('297ed5d95beb2df6015beb300e320001', 'DEMO基础代码', 0, 2, 
    '5100ed1d3ad5d90c80d6b750a822b722', 'demo', TO_DATE('05/09/2017 11:10:46', 'MM/DD/YYYY HH24:MI:SS'), TO_DATE('05/09/2017 11:10:46', 'MM/DD/YYYY HH24:MI:SS'), 80);
Insert into YTG_RESOURCE
   (ID, NAME, TYPE_FLAG, LEVEL_CODE, PARENT_ID, PROJECT_CODE, ADD_DATE, MODIFY_DATE, URL, SORT)
 Values
   ('08377f695c7a2715a68791efe84aef87', '用户管理', 0, 3, 
    '4cbb42b39aa9e18f82540e80a22c49f6', 'demo', TO_DATE('02/06/2015 16:56:23', 'MM/DD/YYYY HH24:MI:SS'), TO_DATE('05/09/2017 11:10:21', 'MM/DD/YYYY HH24:MI:SS'), 'user.action', 9001);
Insert into YTG_RESOURCE
   (ID, NAME, TYPE_FLAG, LEVEL_CODE, PARENT_ID, PROJECT_CODE, ADD_DATE, MODIFY_DATE, URL, SORT)
 Values
   ('ff8081814b727fca014b729c987d001f', '角色管理', 0, 3, 
    '4cbb42b39aa9e18f82540e80a22c49f6', 'demo', TO_DATE('02/10/2015 16:30:40', 'MM/DD/YYYY HH24:MI:SS'), TO_DATE('05/09/2017 11:10:21', 'MM/DD/YYYY HH24:MI:SS'), 'role.action', 9003);
Insert into YTG_RESOURCE
   (ID, NAME, TYPE_FLAG, LEVEL_CODE, PARENT_ID, PROJECT_CODE, MODIFY_DATE, URL, SORT)
 Values
   ('ff8081814b727fca014b729c987d001a', '资源管理', 0, 3, 
    '4cbb42b39aa9e18f82540e80a22c49f6', 'demo', TO_DATE('05/09/2017 11:10:21', 'MM/DD/YYYY HH24:MI:SS'), 'resource.action', 9002);
Insert into YTG_RESOURCE
   (ID, NAME, TYPE_FLAG, LEVEL_CODE, PARENT_ID, PROJECT_CODE, ADD_DATE, MODIFY_DATE, URL, SORT)
 Values
   ('297ed5d95bebee35015bebef8eb90000', 'DEMO_联动', 0, 3, 
    '297ed5d95beae3f2015beae81a9a0004', 'demo', TO_DATE('05/09/2017 14:39:57', 'MM/DD/YYYY HH24:MI:SS'), TO_DATE('05/09/2017 14:40:48', 'MM/DD/YYYY HH24:MI:SS'), 'demo_worker.action?name=demo_worker_edu', 1002);
Insert into YTG_RESOURCE
   (ID, NAME, TYPE_FLAG, LEVEL_CODE, PARENT_ID, PROJECT_CODE, MODIFY_DATE, URL, SORT)
 Values
   ('297ed5d95beae3f2015beae874980005', 'DEMO_GRID', 0, 3, 
    '297ed5d95beae3f2015beae81a9a0004', 'demo', TO_DATE('05/09/2017 11:09:16', 'MM/DD/YYYY HH24:MI:SS'), 'demo_worker.action', 1001);
Insert into YTG_RESOURCE
   (ID, NAME, TYPE_FLAG, LEVEL_CODE, PARENT_ID, PROJECT_CODE, ADD_DATE, MODIFY_DATE, URL, SORT)
 Values
   ('297ed5d95beb2df6015beb31784a0004', 'DEMO_省份', 0, 3, 
    '297ed5d95beb2df6015beb300e320001', 'demo', TO_DATE('05/09/2017 11:12:19', 'MM/DD/YYYY HH24:MI:SS'), TO_DATE('05/09/2017 11:13:07', 'MM/DD/YYYY HH24:MI:SS'), 'demo_province.action', 8003);
Insert into YTG_RESOURCE
   (ID, NAME, TYPE_FLAG, LEVEL_CODE, PARENT_ID, PROJECT_CODE, ADD_DATE, MODIFY_DATE, URL, SORT)
 Values
   ('297ed5d95beb2df6015beb311c950003', 'DEMO_单位', 0, 3, 
    '297ed5d95beb2df6015beb300e320001', 'demo', TO_DATE('05/09/2017 11:11:56', 'MM/DD/YYYY HH24:MI:SS'), TO_DATE('05/09/2017 11:11:56', 'MM/DD/YYYY HH24:MI:SS'), 'demo_corp.action', 8002);
Insert into YTG_RESOURCE
   (ID, NAME, TYPE_FLAG, LEVEL_CODE, PARENT_ID, PROJECT_CODE, ADD_DATE, MODIFY_DATE, URL, SORT)
 Values
   ('297ed5d95beb2df6015beb30a1620002', 'DEMO_民族', 0, 3, 
    '297ed5d95beb2df6015beb300e320001', 'demo', TO_DATE('05/09/2017 11:11:24', 'MM/DD/YYYY HH24:MI:SS'), TO_DATE('05/09/2017 11:11:24', 'MM/DD/YYYY HH24:MI:SS'), 'demo_nation.action', 8001);
Insert into YTG_RESOURCE
   (ID, NAME, TYPE_FLAG, LEVEL_CODE, PARENT_ID, PROJECT_CODE, ADD_DATE, MODIFY_DATE, URL, SORT)
 Values
   ('297ed5d95beb2df6015beb3234960005', 'DEMO_城市', 0, 3, 
    '297ed5d95beb2df6015beb300e320001', 'demo', TO_DATE('05/09/2017 11:13:07', 'MM/DD/YYYY HH24:MI:SS'), TO_DATE('05/09/2017 11:13:07', 'MM/DD/YYYY HH24:MI:SS'), 'demo_area.action', 8004);
COMMIT;

SET DEFINE OFF;
Insert into YTG_USER
   (ID, NAME, LOGIN_NAME, PWD, STATE_FLAG, SALT, TEL)
 Values
   ('e3b5d390ccf3bc9d784505f881a76165', '超级管理员', 'admin', '333bcaadbd854fe1baf214452c43e0b407c48ed0', 
    0, 'c35014e45ce3fc89', '1');
COMMIT;


SET DEFINE OFF;
Insert into YTG_ROLE_RESOURCE
   (ROLE_ID, RESOURCE_ID)
 Values
   ('297ed5d95beacca2015bead86b3a0000', '08377f695c7a2715a68791efe84aef87');
Insert into YTG_ROLE_RESOURCE
   (ROLE_ID, RESOURCE_ID)
 Values
   ('297ed5d95beacca2015bead86b3a0000', '297ed5d95beae3f2015beae81a9a0004');
Insert into YTG_ROLE_RESOURCE
   (ROLE_ID, RESOURCE_ID)
 Values
   ('297ed5d95beacca2015bead86b3a0000', '297ed5d95beae3f2015beae874980005');
Insert into YTG_ROLE_RESOURCE
   (ROLE_ID, RESOURCE_ID)
 Values
   ('297ed5d95beacca2015bead86b3a0000', '297ed5d95beb2df6015beb300e320001');
Insert into YTG_ROLE_RESOURCE
   (ROLE_ID, RESOURCE_ID)
 Values
   ('297ed5d95beacca2015bead86b3a0000', '297ed5d95beb2df6015beb30a1620002');
Insert into YTG_ROLE_RESOURCE
   (ROLE_ID, RESOURCE_ID)
 Values
   ('297ed5d95beacca2015bead86b3a0000', '297ed5d95beb2df6015beb311c950003');
Insert into YTG_ROLE_RESOURCE
   (ROLE_ID, RESOURCE_ID)
 Values
   ('297ed5d95beacca2015bead86b3a0000', '297ed5d95beb2df6015beb31784a0004');
Insert into YTG_ROLE_RESOURCE
   (ROLE_ID, RESOURCE_ID)
 Values
   ('297ed5d95beacca2015bead86b3a0000', '297ed5d95beb2df6015beb3234960005');
Insert into YTG_ROLE_RESOURCE
   (ROLE_ID, RESOURCE_ID)
 Values
   ('297ed5d95beacca2015bead86b3a0000', '297ed5d95bebee35015bebef8eb90000');
Insert into YTG_ROLE_RESOURCE
   (ROLE_ID, RESOURCE_ID)
 Values
   ('297ed5d95beacca2015bead86b3a0000', '4cbb42b39aa9e18f82540e80a22c49f6');
Insert into YTG_ROLE_RESOURCE
   (ROLE_ID, RESOURCE_ID)
 Values
   ('297ed5d95beacca2015bead86b3a0000', '5100ed1d3ad5d90c80d6b750a822b722');
Insert into YTG_ROLE_RESOURCE
   (ROLE_ID, RESOURCE_ID)
 Values
   ('297ed5d95beacca2015bead86b3a0000', 'ff8081814b727fca014b729c987d001a');
Insert into YTG_ROLE_RESOURCE
   (ROLE_ID, RESOURCE_ID)
 Values
   ('297ed5d95beacca2015bead86b3a0000', 'ff8081814b727fca014b729c987d001f');
COMMIT;


SET DEFINE OFF;
Insert into YTG_USER_ROLE
   (USER_ID, ROLE_ID)
 Values
   ('e3b5d390ccf3bc9d784505f881a76165', '297ed5d95beacca2015bead86b3a0000');
COMMIT;


SET DEFINE OFF;
Insert into DEMO_AREA
   (ID, AREA_COD, AREA_NAM, PROVINCE_COD)
 Values
   ('297ed5d95beb2df6015beb3b36040011', '05003', '烟台市', '05');
Insert into DEMO_AREA
   (ID, AREA_COD, AREA_NAM, PROVINCE_COD)
 Values
   ('297ed5d95beb2df6015beb3b36050012', '05002', '青岛市', '05');
Insert into DEMO_AREA
   (ID, AREA_COD, AREA_NAM, PROVINCE_COD)
 Values
   ('297ed5d95beb2df6015beb3b36050013', '05001', '济南市', '05');
Insert into DEMO_AREA
   (ID, AREA_COD, AREA_NAM, PROVINCE_COD)
 Values
   ('297ed5d95beb2df6015beb3c1c1f0014', '01003', '西城区', '01');
Insert into DEMO_AREA
   (ID, AREA_COD, AREA_NAM, PROVINCE_COD)
 Values
   ('297ed5d95beb2df6015beb3c1c1f0015', '01002', '东城区', '01');
Insert into DEMO_AREA
   (ID, AREA_COD, AREA_NAM, PROVINCE_COD)
 Values
   ('297ed5d95beb2df6015beb3c1c1f0016', '01001', '海淀区', '01');
Insert into DEMO_AREA
   (ID, AREA_COD, AREA_NAM, PROVINCE_COD)
 Values
   ('297ed5d95beb6dce015beb73b5470000', '05004', '威海市', '05');
COMMIT;


SET DEFINE OFF;
Insert into DEMO_CORP
   (ID, CORP_COD, CORP_NAM)
 Values
   ('297ed5d95beb2df6015beb38c334000a', '001', '烟台港集团');
Insert into DEMO_CORP
   (ID, CORP_COD, CORP_NAM)
 Values
   ('297ed5d95beb2df6015beb391192000b', '002', '烟台海港信息通信有限公司');
COMMIT;

SET DEFINE OFF;
Insert into DEMO_NATION
   (ID, ADD_DATE, NATION_COD, NATION_NAM)
 Values
   ('4F16847FC39EF2EBE05080801F0113A1', TO_DATE('05/09/2017 19:18:39', 'MM/DD/YYYY HH24:MI:SS'), '01', '汉族');
Insert into DEMO_NATION
   (ID, ADD_DATE, NATION_COD, NATION_NAM)
 Values
   ('4F16847FC39FF2EBE05080801F0113A1', TO_DATE('05/09/2017 19:18:39', 'MM/DD/YYYY HH24:MI:SS'), '02', '蒙古族');
Insert into DEMO_NATION
   (ID, ADD_DATE, NATION_COD, NATION_NAM)
 Values
   ('4F16847FC3A0F2EBE05080801F0113A1', TO_DATE('05/09/2017 19:18:39', 'MM/DD/YYYY HH24:MI:SS'), '03', '回族');
Insert into DEMO_NATION
   (ID, ADD_DATE, NATION_COD, NATION_NAM)
 Values
   ('4F16847FC3A1F2EBE05080801F0113A1', TO_DATE('05/09/2017 19:18:39', 'MM/DD/YYYY HH24:MI:SS'), '04', '藏族');
Insert into DEMO_NATION
   (ID, ADD_DATE, NATION_COD, NATION_NAM)
 Values
   ('4F16847FC3A2F2EBE05080801F0113A1', TO_DATE('05/09/2017 19:18:39', 'MM/DD/YYYY HH24:MI:SS'), '05', '维吾尔族');
Insert into DEMO_NATION
   (ID, ADD_DATE, NATION_COD, NATION_NAM)
 Values
   ('4F16847FC3A3F2EBE05080801F0113A1', TO_DATE('05/09/2017 19:18:39', 'MM/DD/YYYY HH24:MI:SS'), '06', '苗族');
Insert into DEMO_NATION
   (ID, ADD_DATE, NATION_COD, NATION_NAM)
 Values
   ('4F16847FC3A4F2EBE05080801F0113A1', TO_DATE('05/09/2017 19:18:39', 'MM/DD/YYYY HH24:MI:SS'), '07', '彝族');
Insert into DEMO_NATION
   (ID, ADD_DATE, NATION_COD, NATION_NAM)
 Values
   ('4F16847FC3A5F2EBE05080801F0113A1', TO_DATE('05/09/2017 19:18:39', 'MM/DD/YYYY HH24:MI:SS'), '08', '壮族');
Insert into DEMO_NATION
   (ID, ADD_DATE, NATION_COD, NATION_NAM)
 Values
   ('4F16847FC3A6F2EBE05080801F0113A1', TO_DATE('05/09/2017 19:18:39', 'MM/DD/YYYY HH24:MI:SS'), '09', '布依族');
Insert into DEMO_NATION
   (ID, ADD_DATE, NATION_COD, NATION_NAM)
 Values
   ('4F16847FC3A7F2EBE05080801F0113A1', TO_DATE('05/09/2017 19:18:39', 'MM/DD/YYYY HH24:MI:SS'), '10', '朝鲜族');
Insert into DEMO_NATION
   (ID, ADD_DATE, NATION_COD, NATION_NAM)
 Values
   ('4F16847FC3A8F2EBE05080801F0113A1', TO_DATE('05/09/2017 19:18:39', 'MM/DD/YYYY HH24:MI:SS'), '11', '满族');
Insert into DEMO_NATION
   (ID, ADD_DATE, NATION_COD, NATION_NAM)
 Values
   ('4F16847FC3A9F2EBE05080801F0113A1', TO_DATE('05/09/2017 19:18:39', 'MM/DD/YYYY HH24:MI:SS'), '12', '侗族');
Insert into DEMO_NATION
   (ID, ADD_DATE, NATION_COD, NATION_NAM)
 Values
   ('4F16847FC3AAF2EBE05080801F0113A1', TO_DATE('05/09/2017 19:18:39', 'MM/DD/YYYY HH24:MI:SS'), '13', '瑶族');
Insert into DEMO_NATION
   (ID, ADD_DATE, NATION_COD, NATION_NAM)
 Values
   ('4F16847FC3ABF2EBE05080801F0113A1', TO_DATE('05/09/2017 19:18:39', 'MM/DD/YYYY HH24:MI:SS'), '14', '白族');
Insert into DEMO_NATION
   (ID, ADD_DATE, NATION_COD, NATION_NAM)
 Values
   ('4F16847FC3ACF2EBE05080801F0113A1', TO_DATE('05/09/2017 19:18:39', 'MM/DD/YYYY HH24:MI:SS'), '15', '土家族');
Insert into DEMO_NATION
   (ID, ADD_DATE, NATION_COD, NATION_NAM)
 Values
   ('4F16847FC3ADF2EBE05080801F0113A1', TO_DATE('05/09/2017 19:18:39', 'MM/DD/YYYY HH24:MI:SS'), '16', '哈尼族');
Insert into DEMO_NATION
   (ID, ADD_DATE, NATION_COD, NATION_NAM)
 Values
   ('4F16847FC3AEF2EBE05080801F0113A1', TO_DATE('05/09/2017 19:18:39', 'MM/DD/YYYY HH24:MI:SS'), '17', '哈萨克族');
Insert into DEMO_NATION
   (ID, ADD_DATE, NATION_COD, NATION_NAM)
 Values
   ('4F16847FC3AFF2EBE05080801F0113A1', TO_DATE('05/09/2017 19:18:39', 'MM/DD/YYYY HH24:MI:SS'), '18', '傣族');
Insert into DEMO_NATION
   (ID, ADD_DATE, NATION_COD, NATION_NAM)
 Values
   ('4F16847FC3B0F2EBE05080801F0113A1', TO_DATE('05/09/2017 19:18:39', 'MM/DD/YYYY HH24:MI:SS'), '19', '黎族');
Insert into DEMO_NATION
   (ID, ADD_DATE, NATION_COD, NATION_NAM)
 Values
   ('4F16847FC3B1F2EBE05080801F0113A1', TO_DATE('05/09/2017 19:18:39', 'MM/DD/YYYY HH24:MI:SS'), '20', '傈僳族');
Insert into DEMO_NATION
   (ID, ADD_DATE, NATION_COD, NATION_NAM)
 Values
   ('4F16847FC3B2F2EBE05080801F0113A1', TO_DATE('05/09/2017 19:18:39', 'MM/DD/YYYY HH24:MI:SS'), '21', '佤族');
Insert into DEMO_NATION
   (ID, ADD_DATE, NATION_COD, NATION_NAM)
 Values
   ('4F16847FC3B3F2EBE05080801F0113A1', TO_DATE('05/09/2017 19:18:39', 'MM/DD/YYYY HH24:MI:SS'), '22', '畲族');
Insert into DEMO_NATION
   (ID, ADD_DATE, NATION_COD, NATION_NAM)
 Values
   ('4F16847FC3B4F2EBE05080801F0113A1', TO_DATE('05/09/2017 19:18:39', 'MM/DD/YYYY HH24:MI:SS'), '23', '高山族');
Insert into DEMO_NATION
   (ID, ADD_DATE, NATION_COD, NATION_NAM)
 Values
   ('4F16847FC3B5F2EBE05080801F0113A1', TO_DATE('05/09/2017 19:18:39', 'MM/DD/YYYY HH24:MI:SS'), '24', '拉祜族');
Insert into DEMO_NATION
   (ID, ADD_DATE, NATION_COD, NATION_NAM)
 Values
   ('4F16847FC3B6F2EBE05080801F0113A1', TO_DATE('05/09/2017 19:18:39', 'MM/DD/YYYY HH24:MI:SS'), '25', '水族');
Insert into DEMO_NATION
   (ID, ADD_DATE, NATION_COD, NATION_NAM)
 Values
   ('4F16847FC3B7F2EBE05080801F0113A1', TO_DATE('05/09/2017 19:18:39', 'MM/DD/YYYY HH24:MI:SS'), '26', '东乡族');
Insert into DEMO_NATION
   (ID, ADD_DATE, NATION_COD, NATION_NAM)
 Values
   ('4F16847FC3B8F2EBE05080801F0113A1', TO_DATE('05/09/2017 19:18:39', 'MM/DD/YYYY HH24:MI:SS'), '27', '纳西族');
Insert into DEMO_NATION
   (ID, ADD_DATE, NATION_COD, NATION_NAM)
 Values
   ('4F16847FC3B9F2EBE05080801F0113A1', TO_DATE('05/09/2017 19:18:39', 'MM/DD/YYYY HH24:MI:SS'), '28', '景颇族');
Insert into DEMO_NATION
   (ID, ADD_DATE, NATION_COD, NATION_NAM)
 Values
   ('4F16847FC3BAF2EBE05080801F0113A1', TO_DATE('05/09/2017 19:18:39', 'MM/DD/YYYY HH24:MI:SS'), '29', '柯尔克孜族');
Insert into DEMO_NATION
   (ID, ADD_DATE, NATION_COD, NATION_NAM)
 Values
   ('4F16847FC3BBF2EBE05080801F0113A1', TO_DATE('05/09/2017 19:18:39', 'MM/DD/YYYY HH24:MI:SS'), '30', '土族');
Insert into DEMO_NATION
   (ID, ADD_DATE, NATION_COD, NATION_NAM)
 Values
   ('4F16847FC3BCF2EBE05080801F0113A1', TO_DATE('05/09/2017 19:18:39', 'MM/DD/YYYY HH24:MI:SS'), '31', '达斡尔族');
Insert into DEMO_NATION
   (ID, ADD_DATE, NATION_COD, NATION_NAM)
 Values
   ('4F16847FC3BDF2EBE05080801F0113A1', TO_DATE('05/09/2017 19:18:39', 'MM/DD/YYYY HH24:MI:SS'), '32', '仫佬族');
Insert into DEMO_NATION
   (ID, ADD_DATE, NATION_COD, NATION_NAM)
 Values
   ('4F16847FC3BEF2EBE05080801F0113A1', TO_DATE('05/09/2017 19:18:39', 'MM/DD/YYYY HH24:MI:SS'), '33', '羌族');
Insert into DEMO_NATION
   (ID, ADD_DATE, NATION_COD, NATION_NAM)
 Values
   ('4F16847FC3BFF2EBE05080801F0113A1', TO_DATE('05/09/2017 19:18:39', 'MM/DD/YYYY HH24:MI:SS'), '34', '布朗族');
Insert into DEMO_NATION
   (ID, ADD_DATE, NATION_COD, NATION_NAM)
 Values
   ('4F16847FC3C0F2EBE05080801F0113A1', TO_DATE('05/09/2017 19:18:39', 'MM/DD/YYYY HH24:MI:SS'), '35', '撒拉族');
Insert into DEMO_NATION
   (ID, ADD_DATE, NATION_COD, NATION_NAM)
 Values
   ('4F16847FC3C1F2EBE05080801F0113A1', TO_DATE('05/09/2017 19:18:39', 'MM/DD/YYYY HH24:MI:SS'), '36', '毛难族');
Insert into DEMO_NATION
   (ID, ADD_DATE, NATION_COD, NATION_NAM)
 Values
   ('4F16847FC3C2F2EBE05080801F0113A1', TO_DATE('05/09/2017 19:18:39', 'MM/DD/YYYY HH24:MI:SS'), '37', '仡佬族');
Insert into DEMO_NATION
   (ID, ADD_DATE, NATION_COD, NATION_NAM)
 Values
   ('4F16847FC3C3F2EBE05080801F0113A1', TO_DATE('05/09/2017 19:18:39', 'MM/DD/YYYY HH24:MI:SS'), '38', '锡伯族');
Insert into DEMO_NATION
   (ID, ADD_DATE, NATION_COD, NATION_NAM)
 Values
   ('4F16847FC3C4F2EBE05080801F0113A1', TO_DATE('05/09/2017 19:18:39', 'MM/DD/YYYY HH24:MI:SS'), '39', '阿昌族');
Insert into DEMO_NATION
   (ID, ADD_DATE, NATION_COD, NATION_NAM)
 Values
   ('4F16847FC3C5F2EBE05080801F0113A1', TO_DATE('05/09/2017 19:18:39', 'MM/DD/YYYY HH24:MI:SS'), '40', '普米族');
Insert into DEMO_NATION
   (ID, ADD_DATE, NATION_COD, NATION_NAM)
 Values
   ('4F16847FC3C6F2EBE05080801F0113A1', TO_DATE('05/09/2017 19:18:39', 'MM/DD/YYYY HH24:MI:SS'), '41', '塔吉克族');
Insert into DEMO_NATION
   (ID, ADD_DATE, NATION_COD, NATION_NAM)
 Values
   ('4F16847FC3C7F2EBE05080801F0113A1', TO_DATE('05/09/2017 19:18:39', 'MM/DD/YYYY HH24:MI:SS'), '42', '怒族');
Insert into DEMO_NATION
   (ID, ADD_DATE, NATION_COD, NATION_NAM)
 Values
   ('4F16847FC3C8F2EBE05080801F0113A1', TO_DATE('05/09/2017 19:18:39', 'MM/DD/YYYY HH24:MI:SS'), '43', '乌孜别克族');
Insert into DEMO_NATION
   (ID, ADD_DATE, NATION_COD, NATION_NAM)
 Values
   ('4F16847FC3C9F2EBE05080801F0113A1', TO_DATE('05/09/2017 19:18:39', 'MM/DD/YYYY HH24:MI:SS'), '44', '俄罗斯族');
Insert into DEMO_NATION
   (ID, ADD_DATE, NATION_COD, NATION_NAM)
 Values
   ('4F16847FC3CAF2EBE05080801F0113A1', TO_DATE('05/09/2017 19:18:39', 'MM/DD/YYYY HH24:MI:SS'), '45', '鄂温克族');
Insert into DEMO_NATION
   (ID, ADD_DATE, NATION_COD, NATION_NAM)
 Values
   ('4F16847FC3CBF2EBE05080801F0113A1', TO_DATE('05/09/2017 19:18:39', 'MM/DD/YYYY HH24:MI:SS'), '46', '崩龙族');
Insert into DEMO_NATION
   (ID, ADD_DATE, NATION_COD, NATION_NAM)
 Values
   ('4F16847FC3CCF2EBE05080801F0113A1', TO_DATE('05/09/2017 19:18:39', 'MM/DD/YYYY HH24:MI:SS'), '47', '保安族');
Insert into DEMO_NATION
   (ID, ADD_DATE, NATION_COD, NATION_NAM)
 Values
   ('4F16847FC3CDF2EBE05080801F0113A1', TO_DATE('05/09/2017 19:18:39', 'MM/DD/YYYY HH24:MI:SS'), '48', '裕固族');
Insert into DEMO_NATION
   (ID, ADD_DATE, NATION_COD, NATION_NAM)
 Values
   ('4F16847FC3CEF2EBE05080801F0113A1', TO_DATE('05/09/2017 19:18:39', 'MM/DD/YYYY HH24:MI:SS'), '49', '京族');
Insert into DEMO_NATION
   (ID, ADD_DATE, NATION_COD, NATION_NAM)
 Values
   ('4F16847FC3CFF2EBE05080801F0113A1', TO_DATE('05/09/2017 19:18:39', 'MM/DD/YYYY HH24:MI:SS'), '50', '塔塔尔族');
Insert into DEMO_NATION
   (ID, ADD_DATE, NATION_COD, NATION_NAM)
 Values
   ('4F16847FC3D0F2EBE05080801F0113A1', TO_DATE('05/09/2017 19:18:39', 'MM/DD/YYYY HH24:MI:SS'), '51', '独龙族');
Insert into DEMO_NATION
   (ID, ADD_DATE, NATION_COD, NATION_NAM)
 Values
   ('4F16847FC3D1F2EBE05080801F0113A1', TO_DATE('05/09/2017 19:18:39', 'MM/DD/YYYY HH24:MI:SS'), '52', '鄂伦春族');
Insert into DEMO_NATION
   (ID, ADD_DATE, NATION_COD, NATION_NAM)
 Values
   ('4F16847FC3D2F2EBE05080801F0113A1', TO_DATE('05/09/2017 19:18:39', 'MM/DD/YYYY HH24:MI:SS'), '53', '赫哲族');
Insert into DEMO_NATION
   (ID, ADD_DATE, NATION_COD, NATION_NAM)
 Values
   ('4F16847FC3D3F2EBE05080801F0113A1', TO_DATE('05/09/2017 19:18:39', 'MM/DD/YYYY HH24:MI:SS'), '54', '门巴族');
Insert into DEMO_NATION
   (ID, ADD_DATE, NATION_COD, NATION_NAM)
 Values
   ('4F16847FC3D4F2EBE05080801F0113A1', TO_DATE('05/09/2017 19:18:39', 'MM/DD/YYYY HH24:MI:SS'), '55', '珞巴族');
Insert into DEMO_NATION
   (ID, ADD_DATE, NATION_COD, NATION_NAM)
 Values
   ('4F16847FC3D5F2EBE05080801F0113A1', TO_DATE('05/09/2017 19:18:39', 'MM/DD/YYYY HH24:MI:SS'), '56', '基诺族');
Insert into DEMO_NATION
   (ID, ADD_DATE, NATION_COD, NATION_NAM)
 Values
   ('4F16847FC3D6F2EBE05080801F0113A1', TO_DATE('05/09/2017 19:18:39', 'MM/DD/YYYY HH24:MI:SS'), '99', '其他');
Insert into DEMO_NATION
   (ID, ADD_DATE, NATION_COD, NATION_NAM)
 Values
   ('4F16847FC3D7F2EBE05080801F0113A1', TO_DATE('05/09/2017 19:18:39', 'MM/DD/YYYY HH24:MI:SS'), '98', '外国血统中国籍人士');
COMMIT;


SET DEFINE OFF;
Insert into DEMO_PROVINCE
   (ID, PROVINCE_COD, PROVINCE_NAM)
 Values
   ('297ed5d95beb2df6015beb3a0559000c', '05', '山东省');
Insert into DEMO_PROVINCE
   (ID, PROVINCE_COD, PROVINCE_NAM)
 Values
   ('297ed5d95beb2df6015beb3a0559000d', '04', '重庆省');
Insert into DEMO_PROVINCE
   (ID, PROVINCE_COD, PROVINCE_NAM)
 Values
   ('297ed5d95beb2df6015beb3a0559000e', '03', '天津省');
Insert into DEMO_PROVINCE
   (ID, PROVINCE_COD, PROVINCE_NAM)
 Values
   ('297ed5d95beb2df6015beb3a0559000f', '02', '上海省');
Insert into DEMO_PROVINCE
   (ID, PROVINCE_COD, PROVINCE_NAM)
 Values
   ('297ed5d95beb2df6015beb3a05590010', '01', '北京省');
COMMIT;

  

